{
    "AE": {
        "covered_asn": 6,
        "covered_asn_list": [
            "15802",
            "5384",
            "57187",
            "60924",
            "200851",
            "198247"
        ],
        "covered_percentage": 6.896551724137931,
        "total_asn": 87
    },
    "BH": {
        "covered_asn": 5,
        "covered_asn_list": [
            "35313",
            "39273",
            "35457",
            "35729",
            "31452"
        ],
        "covered_percentage": 19.230769230769234,
        "total_asn": 26
    },
    "IQ": {
        "covered_asn": 20,
        "covered_asn_list": [
            "206206",
            "21277",
            "34515",
            "58322",
            "44217",
            "60815",
            "50597",
            "207097",
            "198589",
            "51018",
            "210162",
            "56484",
            "39216",
            "204798",
            "197882",
            "202354",
            "50710",
            "210095",
            "203257",
            "32244"
        ],
        "covered_percentage": 15.625,
        "total_asn": 128
    },
    "IR": {
        "covered_asn": 40,
        "covered_asn_list": [
            "31549",
            "1756",
            "48944",
            "44375",
            "35615",
            "39364",
            "31624",
            "42337",
            "44691",
            "50810",
            "49100",
            "201689",
            "58224",
            "50530",
            "51411",
            "202391",
            "64434",
            "62173",
            "39650",
            "56402",
            "56503",
            "16322",
            "60976",
            "205521",
            "201999",
            "24631",
            "39074",
            "56466",
            "62250",
            "43754",
            "43395",
            "44244",
            "47796",
            "12880",
            "5484",
            "44543",
            "59441",
            "58256",
            "39308",
            "50558"
        ],
        "covered_percentage": 6.182380216383308,
        "total_asn": 647
    },
    "KW": {
        "covered_asn": 6,
        "covered_asn_list": [
            "21050",
            "42961",
            "47589",
            "3225",
            "202414",
            "9155"
        ],
        "covered_percentage": 8.450704225352112,
        "total_asn": 71
    },
    "LB": {
        "covered_asn": 15,
        "covered_asn_list": [
            "57513",
            "39010",
            "50500",
            "25281",
            "42334",
            "24940",
            "210264",
            "41833",
            "39402",
            "42003",
            "59931",
            "13044",
            "206472",
            "31037",
            "9051"
        ],
        "covered_percentage": 8.19672131147541,
        "total_asn": 183
    },
    "OM": {
        "covered_asn": 4,
        "covered_asn_list": [
            "206350",
            "28885",
            "50010",
            "204170"
        ],
        "covered_percentage": 23.52941176470588,
        "total_asn": 17
    },
    "PS": {
        "covered_asn": 8,
        "covered_asn_list": [
            "47253",
            "56995",
            "12975",
            "51440",
            "197350",
            "42013",
            "15975",
            "51407"
        ],
        "covered_percentage": 14.814814814814813,
        "total_asn": 54
    },
    "QA": {
        "covered_asn": 2,
        "covered_asn_list": [
            "48728",
            "8781"
        ],
        "covered_percentage": 13.333333333333334,
        "total_asn": 15
    },
    "SA": {
        "covered_asn": 4,
        "covered_asn_list": [
            "25019",
            "41176",
            "25233",
            "47794"
        ],
        "covered_percentage": 2.2346368715083798,
        "total_asn": 179
    },
    "SY": {
        "covered_asn": 2,
        "covered_asn_list": [
            "36351",
            "29256"
        ],
        "covered_percentage": 28.57142857142857,
        "total_asn": 7
    },
    "TR": {
        "covered_asn": 22,
        "covered_asn_list": [
            "205893",
            "15897",
            "42926",
            "201978",
            "51540",
            "51559",
            "197143",
            "12735",
            "47288",
            "198208",
            "48953",
            "9121",
            "47524",
            "15924",
            "204348",
            "44637",
            "6823",
            "47331",
            "34984",
            "206008",
            "202790",
            "8685"
        ],
        "covered_percentage": 3.3794162826420893,
        "total_asn": 651
    }
}